001skythekidrs,0f5d8bff-2b19-4124-bb80-e0ec2612b920
09k,7d87ff66-3724-44ec-8476-e86a68c7554d
0falsebans,22fd3f5f-b551-4900-86c2-2433de89ee6e
0fcad380_b226_4ea2_acfc_1cc7cf6fe3f3,f73c8712-7e62-3204-9762-5f9571071f56
17a26d1b_9381_44d6_a955_5b798c98be13,a9191527-b34c-3615-bba6-6e0adcd1f32e
17clacam,36c09a98-5745-44bc-b0cd-7bf1e3d85bfb
18e14cfc_fd66_45ae_9e40_fa62ba768cb4,251c67fb-b653-30a3-a342-aa52606a6e59
20170217,0bf1102a-8772-438a-a200-4232fd843440
243682b7_ba1f_4e9c_8216_273a65849574,affeeedd-943c-3320-88d5-eb9ecc7aecd4
28c8235b_1087_4171_9b21_2e31105f8f9f,2f100060-74f6-3e63-887b-dd835c24cb0f
45fbdbed_0ba1_44e7_bbf6_9bfafd9d194d,3528b1dc-7e0f-37c5-85a7-e91c2c6a2c68
49c,8e5aaf8d-6f39-4038-96a4-2bc1e7b7ea89
5296068d_6263_4d3f_8172_701237beb8ac,73e6cb95-fcf5-3a39-8ad5-b5e0f38a906f
607e69ef_0dc7_4df7_ba4a_19af3e5aeba2,a5db2520-9d75-3808-9073-889ab2c1d185
9my,4196a473-f72f-42e7-b2d3-70c858c446da
___dylan____,56006aa7-6843-436c-a8fd-b28140f76a8e
___ki,6eb69aff-d888-3bda-90f5-378be9c81f3e
a04e52ef_79e9_4d91_b74a_cb24ed264065,84968a1a-96b0-3a3f-b941-e66865964810
a29a344a_7c9a_4e89_b7d4_692aa657fe34,8718fbcf-20e2-350a-9d88-b17ac6ff0eef
a320564b_d6f3_4d38_aa87_9db7d8c72ab1,8599301a-645d-3baa-b2c3-eff7f65af390
ab92fc92_f17f_4e76_8dc3_ef13bab1ffb1,30bdc961-12f8-3a5e-a54a-b75978d72108
abutterknife,2f7ce4b8-c03d-49d2-ac88-cd72e7b26730
afwassen,5013e6a9-b5b1-463e-9524-9cd480147c20
amblerjam,bbe3c5f1-98a0-4e58-aa40-b118810070d6
antisocial_cat,d8cbf736-1a71-4cfe-abfc-303638bcf8fd
aplo,7226ca7c-5c39-4be1-80ab-d0f3d485ae6e
arniesnowboard,c06197e7-09f8-4db4-b579-4a31c370e7e3
ayychris,dc29eac1-a9b0-4de1-a405-0a6ebe19e0da
b1b6182c_0203_4bed_a920_f463945e4c5f,babe03c7-e3aa-32ab-92dc-047090f40435
b25,ae7bfaf7-e2a3-41b5-9d1a-f04a1db13a8e
b4m,da2f0931-82a5-428b-85aa-b1f7ec6169f4
baikaa,584e18c5-8028-4c3d-bbb5-b29624fbf2c8
bekogaming06,0aa6db68-e0d3-476e-a50a-af10ec3dbfe7
bellethepotato,dd816751-a72a-4971-b035-2bff51f0a92b
bmxillsgaming,f85ab195-d73f-4629-8f08-57bb15c38e65
bounceftw,9a599ebe-d620-40cb-a800-88a2794ea1ee
boxters,5c98fdec-5758-4c91-aadc-b8fe7f9fe1c6
boyyy,a802d83d-0698-4c5d-99b9-98b336becb1d
brahimbilder,c80a8cb6-3ea0-451f-89b5-ba98b2a5274a
brayan2407,7227a2e0-877e-4a82-8b89-bdcad77c4ff2
breathofthewildl,3fbdeeb7-819c-4f30-84bb-811ddc3d468b
bromull,3307e3d9-0b8b-47ba-8cfe-0f908d28a306
bsing,ec3b7fad-87b8-3763-9aad-bc39db1eda26
bustercraft23,39823ea5-ff08-41be-b3a5-fdaac94f96ae
c0b33678,aff24648-051b-44f8-8ccb-6b44eb037b97
cadspermc,10e97f82-c07f-4584-bca2-6f4424556765
callmelogan,346145f7-6a60-42a9-8f3e-f82f918e3f1c
camymuir,93d46e76-830f-4d3c-b3e4-67b55caf91f5
cheeseismine,9797fbc2-4cd1-3749-b3b5-97ead53fda11
chermy,b50585fa-4bd2-4633-984b-1f25c0ee56a8
christhegod2017,eb6d9aac-3305-45a3-b819-08111ea3c47c
clwolf_studios,d5cca3da-77c1-45bc-92c9-f4d8de1716e0
cookicrafterhd,ed684b27-0eae-4c97-8412-2b19568240ae
cookie_seller,73ae9af5-2a74-42cf-ad0a-114b12cbafd4
criminaliteit,98a64426-3ca4-4148-a389-89b181f21913
d3zam,88ab0fe2-12b3-453a-956c-50645aeb73ed
dabc9441_3acc_4c7a_bce9_b34f50f71b3d,f13deb47-b8f6-3aad-9404-be5660a0e276
dannybean,a8e8249b-a330-435c-afc7-3f2ceb97a65f
dawnunreload,598c059f-36a7-396c-a773-cac180847402
deathbyblue5,e3edb834-bb6f-48ab-9f13-f2cf2875bc25
defaultaccount,964bb9ef-0188-4b32-85df-8540fefd3e43
dependently,d6f0af60-b128-493b-8bd2-d6e9733111ec
dig_mate,31a1476c-63bf-4f47-98c4-15c88c0ca55c
dinnerladie,8c54a61c-3452-4ca4-b6da-57e6b83d5c2f
dragorz,f0e8d0cd-6c07-4158-ac8c-d420498fb1fe
droppinqz,f74cec58-3a3f-45b6-95d9-57ed119f6d18
dsujighfugronk,0cedbca3-63a4-4afb-8889-f686e01fa0ee
dull3478,38ab1f79-38d7-4ef3-be43-b1d7878a7475
dunkelheitfeuer,0f47791a-7840-4a11-9744-ad33e0bb340b
dzbarca,0a4cb8d3-a804-4cf8-b314-0b33c8add56b
eb6d9aac_3305_45a3_b819_08111ea3c47c,464c89d0-627e-310c-874f-30bc8b9d3b7f
enteryournames,6e597a46-9c4a-3672-b790-aec6bed3d01f
faction_10,74cdf919-0dd8-3d4e-84c4-fc970fc6b050
faction_11,037c674d-791b-33d1-9fe8-86f9ee3d4047
faction_13,2c981e26-5525-325d-a32b-6302b878845d
faction_14,c4785120-1a22-3427-81af-807021516fe5
faction_3,460f4169-1fd6-35cc-afa4-9877cec57d30
faction_5,83c8ebbc-b5b2-38a0-a0f1-1abcaee43fea
faction_6,5dff6477-0cbf-3a8c-8a62-6062e7b6ad63
faction_7,461d1c63-25b8-3a8f-831b-3f2b5ad39c77
faction_8,7571b600-d590-3d7a-8c2d-6fa5c653667d
factioncreeperyt,6bd7689e-5266-3986-b35c-21382b86b3a3
falck0404,dd5b3c85-23bc-4837-91d0-cbe200eee83e
fatnessevereat,6bc96819-90fd-4e7c-8fc1-be32cc18521f
fishings309,43adde83-bb15-4bbb-8b80-b1021226012a
flapppie,7202fe56-1bb8-476b-883d-be5ff74b0a8f
flexsupreme,27c03047-0d0a-4930-9106-1bac9b6d5c32
forbsy,5cba4dd1-98cd-42e0-9164-3be79b05a010
gameboys125,451f09a2-5304-4dbb-ad17-e23d31ed56c3
gamerboy0511,65402b20-f29d-4513-a184-5e2980f1ea7f
gamersmods,af591356-7788-4f5d-90b2-b9c4a5afa237
garanixlikepink,7546368f-6bdd-46a1-a34a-4633bbe3ad90
garuda7429,9516d42b-3eae-402a-b3de-6f28763648bd
giannaki017,1b910541-d034-4dd4-ba32-da0d62b0f4cb
gordenramsay,e375d0cf-9219-4dc1-9d6d-c19b48cd3449
grandma_marsh,d0aa6153-3e14-3f5b-8f12-e57d6192682b
gregistan,8cee8f26-d43e-4c76-8c09-4e5e0c22d331
gucciganged,9e03c5a3-363e-33ab-ad4c-1bb21866a38e
heath56,404f1826-0c79-4768-96b8-3fe7094fff72
herahzz,a0a7d27b-9d1d-437c-afbd-7f02b3126e21
herzgebrochenes,4276c00b-bc43-425e-a3c5-c0f6dbebc053
hiiruko,3e17fc39-626c-4a04-bcc3-af18613608f5
himark,eafe80e6-0f5e-4e1a-9617-63e9c590fe9e
hoovered,ab92fc92-f17f-4e76-8dc3-ef13bab1ffb1
hotshotcard1999,740a827e-bb42-4452-9e76-6a3a028d355a
hotty264,6eb2cdf1-267f-4152-a4bb-56f468bec304
ifunnysunnyi,8b0827db-1bdc-41bb-b0eb-e89789a9847f
igodz,931725b8-7263-3d97-b47c-cf412cad83af
imnotdepressed,2400220a-a7bc-41b8-9eb9-8cbfff35a0d9
impatrickstar,de0272d5-acf7-4b2f-9b2c-1a87fdea3545
imvexy,9d853341-0ec2-3604-9a76-d464e90edaec
inotthink,2ed18193-3400-325f-a5ef-bebca722b493
istrafinqnl,c7f10750-8b4a-4f38-bd9b-e8559b4ddb8f
istrqfe,946b52da-bf7d-4ffb-b9cd-7dc548d70b3a
itsalekftw,c77378eb-afdb-4a88-bde0-54c882efc8d9
itscharlezzz,7f878b18-2b69-3882-8532-2ff05781f6d6
j_rad20,8516c76c-64a8-401f-9b22-e89f1430a695
jaba742,233e4a7e-3f14-4510-b333-f3303c4ef7fe
jupitarbros,cad039bd-6cf2-4082-a8d2-ab497692ee70
jurassicyato,aa991b85-67ef-3bcb-8b76-1b1110614095
just_diven,bbb7aa12-0cb8-4927-b293-a029bc98089a
just_that_killa,6415eb2d-51ce-460b-a17c-b03c9c8f5214
justtimothy,0802faae-2420-4353-8f31-cd8f664510c5
keremvdb,3a173d9d-7716-4f5b-bd87-5844532b5186
kilik_,00cfd3a2-97e6-44c8-b34b-eab224cb0432
kingdommaker,a97e5f27-0180-49c4-b549-76e9aa98124f
kingjr2478,57264c80-fb0f-401b-ba8e-852f4dd0df56
kingshocker69,efd8789f-1250-32ab-9558-fce817cad9bd
kiwi2124,166bc02f-d798-48c7-9d9b-a34c38bfcaac
kiwifruit_wife,b3c8bea1-ca29-4e5f-9c63-d4baac72f1cb
knowitallking,f633a0f5-8271-4ee8-bcc7-72dafce31058
kroberts423,2c800eb2-c6d2-368c-9621-bf28b82c1f12
kronos1976,4acf938c-076c-4d58-85bd-ac1cd1ae753d
kungfumark,262f4022-13f1-45e1-a45a-274804c62df8
kwt_,7087d70a-8dcf-4951-9345-fe8d54f753dd
lagclear,4d924f8e-ada2-43be-b95b-659342247e23
larrywashington,bb2644d9-a04c-4b88-8d90-4ae625df62a6
launchpad_ziro,8b1155d6-332f-40cd-b848-584a946bd046
legitti,8be45cca-4892-4dac-beb2-6d17db992a9d
leh232go,c3c0038b-8922-4ca3-b9bc-1fd33e5b9930
lekevbaa,1247fb89-4656-4e18-bbf1-889baf679c25
lii_chicken,58bb4ea4-91d4-4989-a51c-6369cd79edd3
liiion,0ce2fd21-ecec-3b39-8209-76c565e48edb
lilpumperisagod,6198b795-2067-4928-a3ef-65d8257da156
llunchbox,ea6dc2ba-3c2c-473b-96bd-5e7752cb3fd0
lordlopii,dcf43d34-86a5-4878-8fb9-d69586494f3c
loyally,27d39a65-4883-409d-b8be-73d277f9dac9
lufrangarciar,d3d4b36f-0d79-4fa9-8e46-2de46b1a7cbf
lx10,fa754dd3-10b6-443d-ad52-2ebe3bc672e3
makeemhack,5ffab4fc-f482-4c36-b5e7-cd04265732e2
masonryanshaw,e9cdf146-0116-41a7-83fa-1e0853b5579f
mattymc23,9bb2f993-f518-4199-b11f-e991b0f20127
maxwskates,14758cb4-8cb1-390f-bd14-f360f95ee00f
me900me,d6db689d-5b54-4a98-b377-ccd85acf3794
mellowbroadcast,a04e52ef-79e9-4d91-b74a-cb24ed264065
memelord00,d014a885-2e29-4de0-b38f-d4dae21b6e38
men_,c6ae2770-3f85-386d-b346-db0b2d1866b8
merlinmagician,a29a344a-7c9a-4e89-b7d4-692aa657fe34
mexy,5698bfa6-f242-4783-9d71-d9c622049d58
michaelvangelo,dd7134bb-cade-41cf-8e1b-c646b2520741
minecraftthepvp,e46c45c9-03ea-48b2-8c62-e57e44155f81
minipinguino,cf25749d-4287-46ee-8510-0df719fa856b
mirageshuriken,ee4a2cc7-f467-4c6d-bcd8-8c8877c6f5ef
mldnlqht,c9f7b291-3f74-4395-85c7-d9d29bab3283
mohannad_playzmc,9e303471-4e60-4d7b-bcc7-241f31cda139
mrgranny_91,31b9379a-7dc2-4e1e-965f-dc7e24e26f14
mythicgirl,76f04655-e827-4f2f-b4c0-015d634bd051
neko_sora,d02adc00-3423-3d98-84d7-1fc38b38be11
nightomancer,4fb3378b-afe6-48da-bf0a-eccf3ccbb622
ninjalongspy_yt_,56a032d3-0436-4f53-8ebe-65cc226809dc
nohaxjustema,0b135e59-8732-42d4-becf-8cbd11e419fc
nohaxjustgood321,ac7d3d26-afd3-45be-8856-805a5b4e0614
nohaxjustr3flex,564f9c03-b81c-4c02-95df-8028154adb69
notyouaccount,012e488a-a3e1-3709-af01-38ec4b9880ce
novustheta,24058099-fee2-49b9-89ce-d70dd004737a
o00kan,824aa11a-dec0-4381-b284-549e0702a8ac
officer401,81f2d1d2-1147-47c5-980a-3a132d068404
otavioamcamargo,77e19cf8-51ef-31dc-895e-6927aaf1dfce
palmtoptaiga,2ff628ee-69f4-33ec-a233-27e1adad6abc
panawesome,61fe1b39-2a33-4226-8d38-4e27aeeee331
pelaaja37,27656cdf-42a5-4e6b-afcf-a88402a16c5c
petiprotobg,14f4a6d8-0275-4ddc-915c-a04f374296e8
phdfreak,dcd6123f-7d3b-41af-824c-0015df125e61
pikachu_gamer108,51df132c-ed26-4113-9442-8b9687e3e627
plochem,6b65230a-9833-4601-9f0a-b60db3c7bc9b
poptipper,01e16dfe-de00-4f2f-9f80-f511eabcce75
princessvanesa,217e5f26-fbc4-4430-867f-933d7c8915aa
quantumbread,05f270b9-f14d-419f-b42d-540db26c2fb9
raging_gaming0,6cea122f-ff6a-3c6e-8dbf-0a67666adcee
raymond21,6c335b8f-97d8-4901-9555-51a4dedd11b5
rektgg05,250043ac-d4dc-4dd9-9ada-f406900f2dda
reyrey723,7ec8f2ba-55fa-4f13-a179-5f33a3ee989c
rickgamingyt,50f44869-5d1d-4712-afc6-39ec9417d2be
righttwixxxx,df84debc-b368-4ab9-ae9f-2b12f4f66091
rizz4k,324f7847-40ec-4810-84b6-81e9c5b41b6e
s1yi,fdebacf4-9d47-4907-a7d4-5856445a5486
saugpvp,d2b4d85d-c240-38f1-80a5-0ab86ea81cc8
seal_2k43,60616b35-da02-4045-9a27-423972de564a
securitycode,3040b006-4834-3835-8112-7c696a2ea2a5
skittlless,7d2b70c6-6121-43b5-b38c-1d0a61d88e5d
skulzleaderyt,f790702d-ffaf-3654-bced-40661cbe6582
skypandaguy,6bfc511c-a2f4-4a4c-9245-299aa6be8d77
slenderplayzyt,f3b110b7-b48f-44ee-adb2-a148e4b8ace3
smoke_dawg,917f5259-7e2f-4938-a72d-dd8e2572db1b
sossniper,f18520ba-d0da-4d39-8bb1-1e29aec37caf
splash,c4c72feb-a07d-410b-bfa3-c549fa75bdff
squidsareyummy,ad77ff44-9c0d-4480-bb61-32d8d2d17d70
switchingiowa37,2094ce92-16c2-3f57-912b-bbac295749be
synexmc,964221cf-16e8-4718-95ce-6a6bac2fbd21
tanis1007,3b10467d-7676-4746-b3b8-994e63901eee
tbnr_doggy,87ba496f-d58f-478c-b3bd-d0b64524e587
tbrncactus,94c16342-198e-3726-9c2c-6b9ff02306ac
technoderpz,cddcf48e-060f-443e-86d2-01e1ba007640
thatgamerguy45,0558706e-1622-4eed-9d77-0f4bf9702a38
thatrandomrobin,82100017-7cef-3b31-aaee-a8df7a236bd6
thecrazyrhino,52cf7160-01e7-40ba-bed8-aa64315d1282
thegreekgoat,79be2688-b60f-47ac-91b7-81ee751ba744
thejohanv2,147c2b4f-1f89-4010-b59a-178b6e3576f9
thenewtesco,09ebf22b-721f-4aca-b0bf-902cfdd9b47a
theogsnowball,3429c631-3db5-4e38-85ce-592e4f59724b
thethinggoes,6991b496-a8e6-4bce-816a-51a5f2cc8c65
totaledcoder,cccd8175-16af-493a-8051-d1793ad7ba64
toxicgamerx,0632500b-4562-4838-a0ab-4d5ebeedca79
trueclasher44,e5a7cce4-8fed-4667-bd07-c627850275f7
trustdqnis,a668a442-342b-4119-935d-228ce0189b12
trustfulgamer1,b407639b-fb64-410c-98ab-d5b5c651d814
urbizupi,dde55297-c27e-4d25-88c5-4e965063f1ce
uristar2,cb7aaea4-e313-3782-8b4d-31f733115f2c
v5l,c7269bea-7dc5-4e34-8b38-d1bbb2fa5e55
vegas_superdog,afee2b6f-6dac-3f2f-8d73-a4f44bbd1e10
waddayatalkinfor,1c5554ea-ee72-44a0-8fda-58465a0f7c2f
williamblaaah_24,5c2cae0b-01fc-3598-b0a3-351f916623d0
wmn0220,488ed8fe-3ced-4e50-b3fa-3c86140ee03d
woolyhead,29f576aa-99d0-411a-b499-8ab7cac0820c
x8rted,ced30c10-a5e8-4c0b-b948-20a390fb936e
xanticliimax,5660284d-91c4-4c48-8b51-2c7242f9d912
xhakkeossi,04d57732-dfe6-44fe-8dbd-8b900c40b006
xiao_,d43265b1-080d-4cb5-8079-8ca16761d63c
xplosyt,9a8a8ee6-9570-4be8-94f1-aa4c35a6b7db
xx_snipebat_xx,c2eaca72-3e7f-4b20-939d-90cc39adec4d
xxalchemyxx,b1f13e31-50db-436e-a234-cb8629039a42
xxdra60nslayerxx,1f3f559b-ce07-3b9e-91b2-094381ca9210
xxmrfoxxx,913bbf6e-3d7a-43fe-b07e-799dcf75e48f
xxmrogxx,627de02a-2e1a-47a6-89dc-3eab7fa1fb1c
yattaw88,9cd4f799-a01c-3308-b968-2f342d805010
zakhar1209,847d494e-0a15-40aa-964b-e7172c0221a8
zaradoxy_,495321fb-8098-4dba-adad-0dce27142272
zayngaming,3c2b56f9-1c76-34a8-9998-74bd7a42423e
zenteryourname_,005cb1db-7cf7-4535-aff5-092b6313da09
zipeside,6cebb56d-2f54-4ec2-a8f2-e3b80ea3278e
zoiver,9f07ad01-8fb7-4712-bd5d-f5e4ff968ae7
